1652938319.789695,192.168.43.59,54674,52.239.140.42,443,b'150303001a0000000000000005f9e798896f838e32f7f1247b42b6732720a6'
1652938322.790231,192.168.43.59,54704,52.239.140.42,443,b'150303001a00000000000000023bfe4458064652688fa012df5efe1ea65d34'
1652938323.988947,192.168.43.59,48412,34.195.132.248,443,b'17030300290000000000000018b580dd7906257cd43f1f5108685e057b0fe9c274f73bb4b8042f20ada7f610b830'
1652938324.334359,34.195.132.248,443,192.168.43.59,48412,b'1703030029db705d18f6323cfa0112e5bc6a95499ac5d0f92f3b307ff3e703cc9312bffb83f3d3d75edfd7a4b19a'
1652938324.989409,192.168.43.59,46842,75.2.68.222,443,b'170303002900000000000000307f994446f40b807c976cb90a6730addc3969e3dbdcad062b38edcfb4fa13600ba4'
1652938325.039977,75.2.68.222,443,192.168.43.59,46842,b'170303002961f0b9c6e46ac10eadf0d348821a47777dbd6c18a3cf14d9f2e53e45809f0ae30ff6e329ed63d8ce2a'
1652938330.000451,192.168.43.59,45052,20.50.241.10,443,b'16030102800100027c030364556767468a5bcd40cfdc0cad7a0fd66cb1dc01ad75cc15090f1c9ac0e446d220d1cbbe0a967327914b8a7030cfea597daf8d90e629cc6d1e419274d322a295290022130113031302c02bc02fcca9cca8c02cc030c00ac009c013c014009c009d002f0035010002110000002f002d00002a73747261746f732d65752d612e6f70656e636974696573706c616e6e65722e62656e746c65792e636f6d00170000ff01000100000a000e000c001d00170018001901000101000b00020100002300f0eaa4f1398cab1ba1e6808837fde9d32e12f8199b7a8c7cd26afd3e0221cce3f0be9f8dbf367884bd35fdf944018d415197ecc14c6ee9cd61da332777c18326992fb713c5c3afbac93812f298d5492b143c367f52cd20a99eaf98e7cdaefd25a1a291afaa85ce122d7762489baa324120a9a8cad7ada829e95b190a62c70bba9fca3424f468cb9ae7b5873fc59ae7a44a7dc3b2bb34ab77f7ef43b082191829637e022d8f7bfc394a79da54eb22f4edd08b123871e3efe6a006aa1981363814d2c695147270813524c6eef4cdb424e6d482b05de17caeaf9d097f081d7bfea2e5ba11f7d5fb77bd56cd1ce375698148760010000e000c02683208687474702f312e310005000501000000000022000a000804030503060302030033006b0069001d0020aea0ba9b44ffe785709190ddf168cc2fa80b503efa940bfaf08499dc3bce86190017004104ef34df3f8f63a0895efc84f33c48b0d11769a1f7a6a2b5604591d117feea8d2b54ed8642a192b9c6f20d2579bb4383c921abda8d37c1cb22b22edec9312a328d002b00050403040303000d0018001604030503060308040805080604010501060102030201002d00020101001c00024001'
1652938330.072448,20.50.241.10,443,192.168.43.59,45052,b'160303004e0200004a030389c5507136a0e0d5d029178fa3a682971e9085d7ac8371611829ec364f51037600c02f000022ff0100010000000000000b00040300010200230000001000050003026832001700001603030fb70b000fb3000fb000070630820702308205eaa00302010202100a31499d3d0a968ce8f80de746f99370300d06092a864886f70d01010b0500304f310b300906035504061302555331153013060355040a130c446967694365727420496e633129302706035504031320446967694365727420544c532052534120534841323536203230323020434131301e170d3231303631343030303030305a170d3232303632393233353935395a308186310b3009060355040613025553311530130603550408130c50656e6e73796c76616e6961310e300c060355040713054578746f6e31263024060355040a131d42656e746c65792053797374656d732c20496e636f72706f72617465643128302606035504030c1f2a2e6f70656e636974696573706c616e6e65722e62656e746c65792e636f6d30820122300d06092a864886f70d01010105000382010f003082010a02820101008302894ac7ab6e99e571ac02e5e8e9b6a9361cc09a13078279266378f6190cd2e14abaff267d1716c811c00ace7443546af780c9d2db68f4a3f29091b99e43711ab8b66a6d33451a9bff97d544b773dc752961c1b0211e807532a70d1e3a7ee0b455fbfa9b84f8ae5523620fde238bda58d9190a1c149613d87b6117b6d9fad10e2ac500b3b0f7237e6d1d76aaf50113737c36e8d0b2c2691d3b05f8f48e03e1d41d471175c785770a41112bc03cc29cdd75f2daf15d39c3987bba0938431e1581b80a9a232e4ec7c38b450ae3166c14cea77069fa8ac1010dd382a3e8e4a3d637c5d20105c5a1a6ae735d5ea66f4377e0a67a2aea787872b443ccd0b28ed3750203010001a38203a03082039c301f0603551d23041830168014b76ba2eaa8aa848c79eab4da0f98b2c59576b9f4301d0603551d0e0416041462f3da6a40a04d89086e4b090e13492ec68c1cec30490603551d1104423040821f2a2e6f70656e636974696573706c616e6e65722e62656e746c65792e636f6d821d6f70656e636974696573706c616e6e65722e62656e746c65792e636f6d300e0603551d0f0101ff0404030205a0301d0603551d250416301406082b0601050507030106082b0601050507030230818f0603551d1f0481873081843040a03ea03c863a687474703a2f2f63726c332e64696769636572742e636f6d2f4469676943657274544c53525341534841323536323032304341312d312e63726c3040a03ea03c863a687474703a2f2f63726c342e64696769636572742e636f6d2f4469676943657274544c53525341534841323536323032304341312d312e63726c303e0603551d20043730353033060667810c0102023029302706082b06010505070201161b687474703a2f2f7777772e64696769636572742e636f6d2f435053307f06082b0601050507010104733071302406082b060105050730018618687474703a2f2f6f6373702e64696769636572742e636f6d304906082b06010505073002863d687474703a2f2f636163657274732e64696769636572742e636f6d2f4469676943657274544c53525341534841323536323032304341312d312e637274300c0603551d130101ff040230003082017d060a2b06010401d6790204020482016d0482016901670076002979bef09e393921f056739f63a577e5be577d9c600af8f94d5d265c255dc7840000017a0ae3f43c0000040300473045022100d1b148df6cc31f63a81226eb1aa6f0004d3bc7d22a775db00f0d1ad157ea227d02204d6ed1fcd8e5497a0538f8d83fb4d31225dc3321a1eaca476859bccf341421c90076002245450759552456963fa12ff1f76d86e0232663adc04b7f5dc6835c6ee20f020000017a0ae3f40e0000040300473045022100bed7cfe431b2a518161b6fe73a1136b6969126409d040b3230c721259aad9e5e0220153d57922a2bbed753c122a29abe7177ea12743fe3e3161dff7138c58de6664d00750051a3b0f5fd01799c566db837788f0ca47acc1b27cbf79e88429a0dfed48b05e50000017a0ae3f4490000040300463044022050edc831bfad151b10d30fcdb5044a6b397d42d51a5d3aabbcd12f4d3ce1672802203d0d239ad9dd5a27fc1c52616e427c55a75e699ca2c853c27e95e29b922a5303300d06092a864886f70d01010b050003820101004103e764ed387ffa99517661eeebfbe0516f31b070750daee1ba0974e86af44e66945cac6810d642fc0fcaaaf77656a24e51ebf69963e2bcaace9d9959c348958970d35136dea4b8c52e58dfba22bee133e4480e0c3b3fb5364ef0a986a5ac70cca0c2d112d82cb5dcee8ca280448cf53a82a0d6dbd11cee9338c57606bc07dc40b5583582c5e81820f876f0a478aad5c2086c8270285a013b52b38bd3a8aee2475a375d6ec05389736c27e617b769838fd992e594179936755f11894800dd81a51ce7bb90a1a7657e73208e84d510d2bcea76cc5460199c9db6e425312e02bb9e6f7c4139d127dc292ec0b65e7f5a96df22176b711496498dd01bd0aafe66b30003b3308203af30820297a0030201020210083be056904246b1a1756ac95991c74a300d06092a864886f70d01010505003061310b300906035504061302555331153013060355040a130c446967694365727420496e6331193017060355040b13107777772e64696769636572742e636f6d3120301e06035504031317446967694365727420476c6f62616c20526f6f74204341301e170d3036313131303030303030305a170d3331313131303030303030305a3061310b300906035504061302555331153013060355040a130c446967694365727420496e6331193017060355040b13107777772e64696769636572742e636f6d3120301e06035504031317446967694365727420476c6f62616c20526f6f7420434130820122300d06092a864886f70d01010105000382010f003082010a0282010100e23be11172dea8a4d3a357aa50a28f0b7790c9a2a5ee12ce965b010920cc0193a74e30b753f743c46900579de28d22dd870640008109cece1b83bfdfcd3b7146e2d666c705b37627168f7b9e1e957deeb748a308dad6af7a0c3906657f4a5d1fbc17f8abbeee28d7747f7a78995985686e5c23324bbf4ec0e85a6de370bf7710bffc01f685d9a844105832a97518d5d1a2be47e2276af49a33f84908608bd45fb43a84bfa1aa4a4c7d3ecf4f5f6c765ea04b37919edc22e66dce141a8e6acbfecdb3146417c75b299e32bff2eefad30b42d4abb74132da0cd4eff881d5bb8d583fb51be84928a270da3104ddf7b216f24c0a4e07a8ed4a3d5eb57fa390c3af270203010001a3633061300e0603551d0f0101ff040403020186300f0603551d130101ff040530030101ff301d0603551d0e0416041403de503556d14cbb66f0a3e21b1bc397b23dd155301f0603551d2304183016801403de503556d14cbb66f0a3e21b1bc397b23dd155300d06092a864886f70d01010505000382010100cb9c37aa4813120afadd449c4f52b0f4dfae04f5797908a32418fc4b2b84c02db9d5c7fef4c11f58cbb86d9c7a74e79829ab11b5e370a0a1cd4c8899938c9170e2ab0f1cbe93a9ff63d5e40760d3a3bf9d5b09f1d58ee353f48e63fa3fa7dbb466df6266d6d1'
1652938330.072449,20.50.241.10,443,192.168.43.59,45052,b'6e418df22db5ea774a9f9d58e22b59c04023ed2d2882453e7954922698e08048a837eff0d6796016deace80ecd6eac4417382f49dae1453e2ab93653cf3a5006f72ee8c457496c612118d504ad783c2c3a806ba7ebaf1514e9d889c1b9386ce2916c8aff64b977255730c01b24a3e1dce9df477cb5b424080530ec2dbd0bbf45bf50b9a9f3eb980112adc888c698345f8d0a3cc6e9d595956dde0004ee308204ea308203d2a00302010202100a3508d55c292b017df8ad65c00ff7e4300d06092a864886f70d01010b05003061310b300906035504061302555331153013060355040a130c446967694365727420496e6331193017060355040b13107777772e64696769636572742e636f6d3120301e06035504031317446967694365727420476c6f62616c20526f6f74204341301e170d3230303932343030303030305a170d3330303932333233353935395a304f310b300906035504061302555331153013060355040a130c446967694365727420496e633129302706035504031320446967694365727420544c53205253412053484132353620323032302043413130820122300d06092a864886f70d01010105000382010f003082010a0282010100c14bb3654770bcdd4f58dbec9cedc366e51f311354ad4a66461f2c0aec6407e52edcdcb90a20eddfe3c4d09e9aa97a1d8288e51156db1e9f58c251e72c340d2ed292e156cbf1795fb3bb87ca25037b9a52416610604f571349f0e8376783dfe7d34b674c2251a6df0e9910ed57517426e27dc7ca622e131b7f238825536fc13458008b84fff8bea75849227b96ada2889b15bca07cdfe951a8d5b0ed37e236b4824b62b5499aecc767d6e33ef5e3d6125e44f1bf71427d58840380b18101faf9ca32bbb48e278727c52b74d4a8d697dec364f9cace53a256bc78178e490329aefb494fa415b9cef25c19576d6b79a72ba2272013b5d03d40d321300793ea99f50203010001a38201ae308201aa301d0603551d0e04160414b76ba2eaa8aa848c79eab4da0f98b2c59576b9f4301f0603551d2304183016801403de503556d14cbb66f0a3e21b1bc397b23dd155300e0603551d0f0101ff040403020186301d0603551d250416301406082b0601050507030106082b0601050507030230120603551d130101ff040830060101ff020100307606082b06010505070101046a3068302406082b060105050730018618687474703a2f2f6f6373702e64696769636572742e636f6d304006082b060105050730028634687474703a2f2f636163657274732e64696769636572742e636f6d2f4469676943657274476c6f62616c526f6f7443412e637274307b0603551d1f047430723037a035a0338631687474703a2f2f63726c332e64696769636572742e636f6d2f4469676943657274476c6f62616c526f6f7443412e63726c3037a035a0338631687474703a2f2f63726c342e64696769636572742e636f6d2f4469676943657274476c6f62616c526f6f7443412e63726c30300603551d20042930273007060567810c01013008060667810c0102013008060667810c0102023008060667810c010203300d06092a864886f70d01010b0500038201010077abb77a273daebbf67fe05a56c984aaca5b7117dd2247fc4e9feed0c1a404e1a3ebc549c1fdd1c9df8caf94452c462aa3633920f99e4a249441c8a9d9e29c540506cb5c1cbe001b0fa85aff19bb65c716af2156dd6105c9e98f9876df6b1bd0720c50b930297abf60591066133a2dac15116c2d230c023e053bfee5a19ce28adb87d74ae85ee74806ebab129af2af84c35b834a998183ab00a1ca0a3c4ca225892a22a7a4f3334c5b8c2e1a02970f9d8f6d2d9508fb4fdaf1913825e19c6e6118876aceb1bb00306a9bb7afdaf1c597fe8a7824aaea9380ba33657abca177e97f69140b003f7792b14d5b73870a13d09c'
1652938330.072449,20.50.241.10,443,192.168.43.59,45052,b'c8f24b394f528449a64c904e1ff7b4160303012c0c00012803001d20118f6afa286be6b47cb26eded115da7e3b75f1eeecadfad6894614f4d563e36c080401006e41fc3880db1db13e2886a7f9c42a9c0fcf39c8e945ae73afc3ce20ac8d9b52f680b5ff6b924e1daab05092965ed227fd9586b3521628af3c9ab11aaaaa416e1fe0cf0fd72718e3270c9d9dd61e40af81880bc032c1f25058eecb6cc39e7605e260d0c2991b23f79c4c04ab31dd399f512e612ba476c055a8837b8a0f912dde6017880337ec20822c2d7301cceaa910d18503cb11c6f96f69532067bcec68670e96bf27de4a3791aa9ae814f4d84f1d9cfa9d32becc05ac69e8332ffafa0515438fba0e3636267032022876e69da4dafe892dc336c9cbe4407b86152d453332cd9910035c453c3c36a02c9a2c7895745c38769548bcdc50c8f6f327b6415eae16030300040e000000'
1652938330.074548,192.168.43.59,45052,20.50.241.10,443,b'16030300251000002120ca60dc6110ca'
